0,,20.00 ,0.00 ,
1,Shades,0.00 ,0.00 ,
2,Work Jeans,7.50 ,5.00 ,
3,Orange Hoodie,8.50 ,6.5,
4,Eaglefire,670.00 ,68.75 ,
5,Eaglefire Iron Sights,0.00 ,0.00 ,
6,Military Magazine,30.00 ,6.5,
7,Military Suppressor,100.00 ,25.00 ,
8,Vertical Grip,100.00 ,25.00 ,
9,Red Daypack,17.50 ,10.00 ,
10,Police Vest,25.00 ,15.00 ,
11,Red Bandana,5.00 ,2.5,
12,Ushanka,0.00 ,0.00 ,
13,Canned Beans,10.00 ,2.5,
14,Bottled Water,10.00 ,2.5,
15,MedKit,50.00 ,12.5,
16,Camp Axe,40.00 ,10.00 ,
17,Military Drum,100.00 ,25.00 ,
18,Timberwolf,5000.00 ,162.00 ,
19,Timberwolf iron Sights,0.00 ,0.00 ,
20,TimberWolf Magazine,48.00 ,12.00 ,
21,8x scope,100.00 ,25.00 ,
22,Red Dot Scope,50.00 ,12.5,
23,Tuxedo Bottom,10.00 ,5.00 ,
24,Tuxedo Top,10.00 ,5.00 ,
25,Gold Bowtie,0.00 ,0.00 ,
26,Monocle,0.00 ,5.00 ,
27,Top Hat,10.00 ,5.00 ,
28,Portable Gas Can,250.00 ,12.5,
29,Maple Fortification,14.00 ,7.00 ,
30,Maple Barricade,9.00 ,4.5,
31,Maple Floor,50.00 ,9.00 ,
32,Maple Doorway,45.00 ,9.00 ,
33,Maple Wall,45.00 ,9.00 ,
34,Maple Window,45.00 ,9.00 ,
35,Maple Roof,50.00 ,9.00 ,
36,Maple Pillar,20.00 ,6.00 ,
37,Birch Log,10.00 ,3.00 ,
38,Birch Stick,0.50 ,0.25 ,
39,Maple Log,10.00 ,3.00 ,
40,Maple Stick,0.50 ,0.25 ,
41,Pine Log,10.00 ,3.00 ,
42,Pine Stick,0.50 ,0.25 ,
43,Military Ammunition Crate,40.00 ,10.00 ,
44,Civilian Ammunition Box,40.00 ,10.00 ,
45,Birch Barricade,9.00 ,4.5,
46,Pine Barricade,9.00 ,4.5,
47,Birch Fortification,14.00 ,7.00 ,
48,Pine Fortification,14.00 ,7.00 ,
49,Birch Doorway,40.00 ,9.00 ,
50,Pine Doorway,50.00 ,9.00 ,
51,Birch Floor,40.00 ,9.00 ,
52,Pine Floor,60.00 ,9.00 ,
53,Birch Pillar,10.00 ,6.00 ,
54,Pine PIllar,30.00 ,6.00 ,
55,Birch Roof,40.00 ,9.00 ,
56,Pine Roof,60.00 ,9.00 ,
57,Birch Wall,40.00 ,9.00 ,
58,Pine Wall,50.00 ,9.00 ,
59,Birch Window,40.00 ,9.00 ,
60,Pine Window,50.00 ,9.00 ,
61,Maple Plank,5.00 ,1.00 ,
62,Birch Plank,5.00 ,1.00 ,
63,Pine Plank,5.00 ,1.00 ,
64,Rope,40.00 ,10.00 ,
65,Wire,60.00 ,15.00 ,
66,Cloth,10.00 ,2.5,
67,Metal Scrap,20.00 ,5.00 ,
68,Metal Sheet,40.00 ,10.00 ,
69,Tape,60.00 ,15.00 ,
70,Glue,20.00 ,5.00 ,
71,Nails,40.00 ,10.00 ,
72,Can,80.00 ,20.00 ,
73,Raw Explosives,200.00 ,37.50 ,
74,Bricks,15.00 ,3.75,
75,Chemicals,200.00 ,5.00 ,
76,BlowTorch,50.00 ,12.5,
77,Canned Tomato Soup,10.00 ,2.5,
78,Canned Chicken Soup,10.00 ,2.5,
79,Canned Tuna,20.00 ,5.00 ,
80,Canned Cola,3.00 ,0.75 ,
81,MRE,75.00 ,18.75 ,
82,Chips,5.00 ,1.25,
83,Chocolate Bar,3.00 ,0.75 ,
84,Candy Bar,3.00 ,0.75 ,
85,Granola Bar,3.00 ,0.75 ,
86,Energy Bar,3.00 ,0.75 ,
87,Canned Pasta,20.00 ,5.00 ,
88,Canned Bacon,20.00 ,5.00 ,
89,Canned Beef,20.00 ,5.00 ,
90,Canned Sardines,20.00 ,5.00 ,
91,Apple Juice,5.00 ,1.25,
92,Grape Juice,5.00 ,1.25,
93,Bottled Energy,10.00 ,2.5,
94,Bottled Coconut,10.00 ,2.5,
95,Bandage,25.00 ,5.25,
96,Splint,40.00 ,10.00 ,
97,Colt,85.00 ,21.25 ,
98,Colt Magazine,7.00 ,1.75,
99,Cobra,190.00 ,47.50 ,
100,Cobra Magazine,40.00 ,10.00 ,
101,Schofield,125.00 ,31.25 ,
102,Schofield Iron Sights,0.00 ,0.00 ,
103,Schofield Clip,5.00 ,1.25,
104,Fire Axe,40.00 ,10.00 ,
105,Baseball Bat,20.00 ,5.00 ,
106,Hockey Stick,20.00 ,5.00 ,
107,Ace,125.00 ,31.25 ,
108,Ace Clip,6.00 ,1.5,
109,Hawkhound,130.00 ,32.50 ,
110,Hawkhound Iron Sights,0.00 ,0.00 ,
111,HawkHound Magazine,8.00 ,2.00 ,
112,Bluntforce,250.00 ,62.50 ,
113,12 Guage Shells,8.00 ,2.00 ,
114,Bluntforce Iron Sights,0.00 ,0.00 ,
115,Pink Berry,1.00 ,0.50 ,
116,Personal Defense Weapon,1000.00 ,187.50 ,
117,Personal Defense Weapon Barrel,0.00 ,0.00 ,
118,Personal Defense Weapon Iron Sights,0.00 ,0.00 ,
119,Ranger Ammunition Box,40.00 ,10.00 ,
120,Kitchen Knife,20.00 ,5.00 ,
121,Military Knife,40.00 ,10.00 ,
122,Zubeknakov,750.00 ,68.75 ,
123,Ranger Magazine,35.00 ,7.75,
124,Zubeknakov Iron Sights,0.00 ,0.00 ,
125,Ranger Drum,75.00 ,18.75 ,
126,Nykorev,500.00 ,162.50 ,
127,Nykorev Box,200.00 ,50.00 ,
128,Nykorev Iron Sights,0.00 ,0.00 ,
129,Snayperskya,400.00 ,100.00 ,
130,Snayperskya Magazine,25.00 ,1.75,
131,Snayperskya Iron Sights,0.00 ,0.00 ,
132,Dragonfang,8725.00 ,175.00 ,
133,Dragonfang box,1550.00 ,37.50 ,
134,Drongonfang Iron Sights,0.00 ,0.00 ,
135,Golf Club,40.00 ,10.00 ,
136,Sledgehammer,40.00 ,10.00 ,
137,Butcher Knife,20.00 ,5.00 ,
138,Hammer,20.00 ,5.00 ,
139,Swiss Knife,40.00 ,10.00 ,
140,Butterfly Knife,40.00 ,10.00 ,
141,Saw,80.00 ,20.00 ,
142,Rake,20.00 ,5.00 ,
143,Bipod,80.00 ,20.00 ,
144,Ranger Suppressor,60.00 ,15.00 ,
145,Horizontal Grip,80.00 ,20.00 ,
146,Red Dot Sight,80.00 ,20.00 ,
147,Red Halo Sight,80.00 ,20.00 ,
148,Red Chevron Scope,80.00 ,20.00 ,
149,Military Barrel,80.00 ,20.00 ,
150,Military Muzzle,80.00 ,20.00 ,
151,Tactical Laser,80.00 ,20.00 ,
152,Tactical Light,80.00 ,20.00 ,
153,7x Scope,100.00 ,25.00 ,
154,Orange Shirt,10.00 ,5.00 ,
155,Orange Tee,10.00 ,2.5,
156,Orange Parka,20.00 ,10.00 ,
157,Purple Hoodie,10.00 ,6.5,
158,Purple Shirt,10.00 ,5.00 ,
159,Purple Tee,10.00 ,2.5,
160,Purple Parka,20.00 ,10.00 ,
161,Green Hoodie,10.00 ,6.5,
162,Green Parka,20.00 ,10.00 ,
163,Green Shirt,10.00 ,5.00 ,
164,Green Tee,10.00 ,2.5,
165,Red Hoodie,10.00 ,6.5,
166,Red Parka,20.00 ,10.00 ,
167,Red Shirt,10.00 ,5.00 ,
168,Red Tee,10.00 ,2.5,
169,Yellow Hoodie,10.00 ,6.5,
170,Yellow Parka,20.00 ,10.00 ,
171,Yellow Shirt,10.00 ,5.00 ,
172,Yellow Tee,10.00 ,2.5,
173,Blue Hoodie,10.00 ,6.5,
174,Blue Parka,20.00 ,10.00 ,
175,Blue Shirt,10.00 ,5.00 ,
176,Blue Tee,10.00 ,2.5,
177,White Hoodie,10.00 ,6.5,
178,White Parka,20.00 ,10.00 ,
179,White Shirt,10.00 ,5.00 ,
180,White Tee,10.00 ,2.5,
181,Black Hoodie,10.00 ,6.5,
182,Black Parka,20.00 ,10.00 ,
183,Black Shirt,10.00 ,5.00 ,
184,Black Tee,10.00 ,2.5,
185,Black Bandana,5.00 ,2.5,
186,Blue Bandana,5.00 ,2.5,
187,Green Bandana,5.00 ,2.5,
188,Orange Bandana,5.00 ,2.5,
189,Purple Bandana,5.00 ,2.5,
190,White Bandana,5.00 ,2.5,
191,Yellow Bandana,5.00 ,2.5,
192,Black Toque,10.00 ,5.00 ,
193,Blue Toque,10.00 ,5.00 ,
194,Green Toque,10.00 ,5.00 ,
195,Orange Toque1,0.00 ,5.00 ,
196,Purple Toque,10.00 ,5.00 ,
197,Red Toque,10.00 ,5.00 ,
198,White Toque,10.00 ,5.00 ,
199,Yellow Toque,10.00 ,5.00 ,
200,Black Daypack,17.50 ,10.00 ,
201,Blue Daypack,17.50 ,10.00 ,
202,Green Daypack,17.50 ,10.00 ,
203,Orange Daypack,17.50 ,10.00 ,
204,Purple Daypack,17.50 ,10.00 ,
205,White Daypack,17.50 ,10.00 ,
206,Yellow Daypack,17.50 ,10.00 ,
207,Designer Jeans,0.00 ,0.00 ,
208,Cowboy Jeans,10.00 ,5.00 ,
209,Cargo Pants,10.00 ,6.5,
210,Buds,0.00 ,0.00 ,
211,Plaid Shirt,10.00 ,6.5,
212,Khaki Pants,10.00 ,6.5,
213,Corduroy Pants,10.00 ,6.5,
214,Trouser Pants,10.00 ,6.5,
215,Black Sweatervest,10.00 ,5.00 ,
216,Blue Sweatervest,10.00 ,5.00 ,
217,Green Sweatervest,10.00 ,5.00 ,
218,Orange Sweatervest,10.00 ,5.00 ,
219,Purple Sweatervest,10.00 ,5.00 ,
220,Red Sweatervest,10.00 ,5.00 ,
221,White Sweatervest,10.00 ,5.00 ,
222,Yellow Sweatervest,10.00 ,5.00 ,
223,Police Top,15.00 ,5.00 ,
224,Police Bottom,15.00 ,5.00 ,
225,Police Cap,10.00 ,5.00 ,
226,Khaki Shorts,10.00 ,5.00 ,
227,Cargo Shorts,10.00 ,5.00 ,
228,Corduroy Shorts,10.00 ,5.00 ,
229,Trouser Shorts,10.00 ,5.00 ,
230,Chef Top,10.00 ,5.00 ,
231,Chef Bottom,10.00 ,5.00 ,
232,Construction Top,10.00 ,5.00 ,
233,Firefighter Top,10.00 ,5.00 ,
234,Firefighter Bottom,10.00 ,5.00 ,
235,Ghillie Top,50.00 ,10.00 ,
236,Ghillie Bottom,50.00 ,10.00 ,
237,Ghillie Hood,50.00 ,10.00 ,
238,Ghillie Vest,50.00 ,10.00 ,
239,Chef Hat,10.00 ,5.00 ,
240,Construction Helmet,10.00 ,5.00 ,
241,Firefighter Helmet,10.00 ,5.00 ,
242,Farmer Top,10.00 ,5.00 ,
243,Farmer Bottom,10.00 ,5.00 ,
244,Farmer Hat,10.00 ,5.00 ,
245,Black Travelpack,25.00 ,10.00 ,
246,Blue Travelpack,25.00 ,10.00 ,
247,Green Travelpack,25.00 ,10.00 ,
248,Orange Travelpack,25.00 ,10.00 ,
249,Purple Travelpack,25.00 ,10.00 ,
250,Red Travelpack,25.00 ,10.00 ,
251,White Travelpack,25.00 ,10.00 ,
252,Yellow Travelpack,25.00 ,10.00 ,
253,Alicepack,300.00 ,250.00 ,
254,Fragmentation Grenade,150.00 ,6.5,
255,Blue Flare,10.00 ,5.00 ,
256,Green Flare,10.00 ,5.00 ,
257,Orange Flare,10.00 ,5.00 ,
258,Purple Flare,10.00 ,5.00 ,
259,Red Flare,10.00 ,5.00 ,
260,Yellow Flare,10.00 ,5.00 ,
261,Black Smoke,10.00 ,5.00 ,
262,Blue Smoke,10.00 ,5.00 ,
263,Green Smoke,10.00 ,5.00 ,
264,Orange Smoke,10.00 ,5.00 ,
265,Purple Smoke,10.00 ,5.00 ,
266,Red Smoke,10.00 ,5.00 ,
267,White Smoke,10.00 ,5.00 ,
268,Yellow Smoke,10.00 ,5.00 ,
269,Vaccine,50.00 ,12.5,
270,Amber Berry,2.00 ,1.00 ,
271,Indigo Berry,2.00 ,1.00 ,
272,Jade Berry,2.00 ,1.00 ,
273,Russet Berry,2.00 ,1.00 ,
274,Teal Berry,2.00 ,1.00 ,
275,Vermillion Berry,2.00 ,1.00 ,
276,Flashlight,20.00 ,5.00 ,
277,Carjack,40.00 ,10.00 ,
278,Santa hat,0.00 ,0.00 ,
279,Santa top,0.00 ,0.00 ,
280,Santa bottom,0.00 ,0.00 ,
281,Maple Door,80.00 ,20.00 ,
282,Birch Door,80.00 ,20.00 ,
283,Pine Door,80.00 ,20.00 ,
284,Jail Door,125.00 ,12.5,
285,Metal Bar,10.00 ,2.5,
286,Vault Door,225.00 ,56.25 ,
287,Bars Fortification,70.00 ,15.00 ,
288,Black bedroll,90.00 ,22.50 ,
289,Blue bedroll,90.00 ,22.50 ,
290,Green bedroll,90.00 ,22.50 ,
291,Orange bedroll,90.00 ,22.50 ,
292,Purple bedroll,90.00 ,22.50 ,
293,Red bedroll,90.00 ,22.50 ,
294,White bedroll,90.00 ,22.50 ,
295,Yellow bedroll,90.00 ,22.50 ,
296,16x Scope,100.00 ,25.00 ,
297,Grizzly,7725.00 ,250.00 ,
298,Grizzly Magazine,72.00 ,10.00 ,
299,Grizzly Iron Sights,0.00 ,0.00 ,
300,Shadowstalker,7550.00 ,300.00 ,
301,Rail,50.00 ,12.5,
302,Shadowstalker Scope,50.00 ,25.00 ,
303,Prisoner Top,10.00 ,5.00 ,
304,Prisoner Bottom,10.00 ,6.5,
305,RCMP Bottom,10.00 ,6.5,
306,RCMP Top,10.00 ,6.5,
307,Military Top,15.00 ,6.5,
308,Military Bottom,15.00 ,5.00 ,
309,Military Helmet,20.00 ,10.00 ,
310,Military Vest,30.00 ,15.00 ,
311,Medic Top,10.00 ,5.00 ,
312,Medic Bottom,10.00 ,5.00 ,
313,RCMP Hat,10.00 ,5.00 ,
314,Grocer Top,10.00 ,5.00 ,
315,Grocer Bottom,10.00 ,5.00 ,
316,Maple Stairs,45.00 ,9.00 ,
317,Pine Stairs,50.00 ,9.00 ,
318,Birch Stairs,40.00 ,9.00 ,
319,Maple Hole,45.00 ,9.00 ,
320,Pine Hole,50.00 ,9.00 ,
321,Birch Hole,40.00 ,9.00 ,
322,Maple Ramp,45.00 ,9.00 ,
323,Birch Ramp,40.00 ,9.00 ,
324,Pine Ramp,50.00 ,9.00 ,
325,Maple Ladder,800.00 ,16.50 ,
326,Birch Ladder,70.00 ,16.50 ,
327,Pine Ladder,60.00 ,16.50 ,
328,Locker,225.00 ,37.50 ,
329,Carrot,5.00 ,1.00 ,
330,Carrot Seed,4.00 ,1.00 ,
331,Planter,103.00 ,10.00 ,
332,Fertilizer,40.00 ,10.00 ,
333,Binoculars,15.00 ,3.75,
334,Nightvision,500.00 ,125.00 ,
335,Corn,5.00 ,1.00 ,
336,Corn Seed,4.00 ,1.00 ,
337,Canteen,20.00 ,5.00 ,
338,Lettuce,5.00 ,1.00 ,
339,Lettuce seed,4.00 ,1.00 ,
340,Tomato,5.00 ,1.00 ,
341,Tomato seed,5.00 ,1.25,
342,Potato,5.00 ,1.00 ,
343,Potato seed,5.00 ,1.25,
344,Wheat,5.00 ,1.00 ,
345,Wheat seed,5.00 ,1.25,
346,Crossbow,250.00 ,62.50 ,
347,Arrow,10.00 ,2.5,
348,Maple arrow,10.00 ,2.5,
349,Crossbow Sight,0.00 ,0.00 ,
351,Birch arrow,10.00 ,2.5,
352,Pine arrow,10.00 ,2.5,
353,Maple bow,50.00 ,12.5,
355,Birch bow,40.00 ,12.5,
356,Pine bow,60.00 ,12.5,
357,Compound bow,150.00 ,37.50 ,
359,Maple torch,20.00 ,11.00 ,
360,Birch torch,20.00 ,11.00 ,
361,Pine torch,20.00 ,11.00 ,
362,Campfire,30.00 ,15.00 ,
363,Maplestrike,670.00 ,87.50 ,
364,Maplestrike Sight,0.00 ,0.00 ,
365,Sandbag,40.00 ,10.00 ,
366,Maple Crate,30.00 ,6.5,
367,Birch Crate,25.00 ,6.5,
368,Pine Crate,35.00 ,6.5,
369,Metal Floor,225.00 ,50.00 ,
370,Metal Doorway,200.00 ,50.00 ,
371,Metal Wall,200.00 ,50.00 ,
372,Metal Window,200.00 ,50.00 ,
373,Metal Roof,225.00 ,50.00 ,
374,Metal Pillar,120.00 ,50.00 ,
375,Metal Stairs,200.00 ,50.00 ,
376,Metal Hole,200.00 ,50.00 ,
377,Metal Ramp,200.00 ,50.00 ,
378,Metal Door,200.00 ,50.00 ,
379,Metal Ladder,100.00 ,30.00 ,
380,Masterkey,125.00 ,31.25 ,
381,20 Gauge Shells,2.00 ,0.50 ,
382,Caltrop,0.00 ,0.00 ,
383,Maple Spikes,5.00 ,1.5,
384,Birch Spikes,4.00 ,1.5,
385,Pine Spikes,6.00 ,1.5,
386,Barbed Wire,10.00 ,3.75,
387,Adrenaline,15.00 ,3.75,
388,Morphine,30.00 ,6.5,
389,Antibiotics,15.00 ,3.75,
390,Painkillers,15.00 ,3.75,
391,Vitamins,15.00 ,3.75,
392,Tablets,15.00 ,3.75,
393,Rag,15.00 ,3.75,
394,Dressing,35.00 ,10.00 ,
395,Bloodbag,35.00 ,7.75,
396,Mauve Crushed,2.00 ,1.00 ,
397,Amber Crushed,2.00 ,1.00 ,
398,Indigo Crushed,2.00 ,1.00 ,
399,Jade Crushed,2.00 ,1.00 ,
400,Russet Crushed,2.00 ,1.00 ,
401,Teal Crushed,2.00 ,1.00 ,
402,Vermillion Crushed,2.00 ,1.00 ,
403,Suturekit,50.00 ,12.5,
404,Cough Syrup,15.00 ,3.75,
405,Mechanic Top,10.00 ,5.00 ,
406,Mechanic Bottom,10.00 ,5.00 ,
407,Engineer Top,10.00 ,5.00 ,
408,Engineer Bottom,10.00 ,5.00 ,
409,Aviators,0.00 ,5.00 ,
410,Black Poncho,10.00 ,5.00 ,
411,Blue Poncho,10.00 ,5.00 ,
412,Green Poncho,10.00 ,5.00 ,
413,Orange Poncho,10.00 ,5.00 ,
414,Purple Poncho,10.00 ,5.00 ,
415,Red Poncho,10.00 ,5.00 ,
416,White Poncho,10.00 ,5.00 ,
417,Yellow Poncho,10.00 ,5.00 ,
418,Headphones,0.00 ,0.00 ,
419,Flight Jacket,10.00 ,5.00 ,
420,Biker Jacket,10.00 ,5.00 ,
421,Suit Top,10.00 ,5.00 ,
422,Suit Bottom,10.00 ,5.00 ,
423,Engineer Hat,10.00 ,5.00 ,
424,Fedora,10.00 ,5.00 ,
425,Black Cap,10.00 ,5.00 ,
426,Blue Cap,10.00 ,5.00 ,
427,Green Cap,10.00 ,5.00 ,
428,Orange Cap,10.00 ,5.00 ,
429,Purple Cap,10.00 ,5.00 ,
430,Red Cap,10.00 ,5.00 ,
431,White Cap,10.00 ,5.00 ,
432,Yellow Cap,10.00 ,5.00 ,
433,Beret,10.00 ,5.00 ,
434,Black Balaclava,10.00 ,5.00 ,
435,Blue Balaclava,10.00 ,5.00 ,
436,Green Balaclava,10.00 ,5.00 ,
437,Orange Balaclava,10.00 ,5.00 ,
438,Purple Balaclava,10.00 ,5.00 ,
439,Red Balaclava,10.00 ,5.00 ,
440,White Balaclava,10.00 ,5.00 ,
441,Yellow Balaclava,10.00 ,5.00 ,
442,Maple Rampart,25.00 ,9.00 ,
443,Maple Post,10.00 ,3.00 ,
444,Birch Rampart,20.00 ,9.00 ,
445,Pine rampart,30.00 ,9.00 ,
446,Metal rampart,75.00 ,50.00 ,
447,Birch post,9.00 ,3.00 ,
448,Pine post,11.00 ,3.00 ,
449,Metal post,50.00 ,20.00 ,
450,Maple garage,90.00 ,22.50 ,
451,Maple gate,90.00 ,22.50 ,
452,Birch garage,90.00 ,22.50 ,
453,Pine garage,90.00 ,22.50 ,
454,Metal garage,200.00 ,50.00 ,
455,Birch gate,90.00 ,22.50 ,
456,Pine gate,90.00 ,22.50 ,
457,Metal Gate,200.00 ,50.00 ,
458,Portable Generator,250.00 ,37.50 ,
459,Spotlight,400.00 ,20.00 ,
460,Bread,2.50 ,1.00 ,
461,Tuna Sandwich,5.00 ,1.00 ,
462,Milk Box,5.00 ,1.00 ,
463,Orange Juice,5.00 ,1.00 ,
464,Cheese,5.00 ,1.00 ,
465,Soda,10.00 ,2.5,
466,Grilled Cheese Sandwich,7.00 ,1.00 ,
467,BLT Sandwich,7.00 ,1.00 ,
468,Ham Sandwich,7.00 ,1.00 ,
469,Canned Ham,5.00 ,1.00 ,
470,Eggs,6.50 ,1.00 ,
471,Cake,7.00 ,1.00 ,
472,Bottled Cola,15.00 ,3.75,
473,Bottled Soda,15.00 ,3.75,
474,Maple Rifle,80.00 ,40.00 ,
475,Rifle Iron Sights,0.00 ,0.00 ,
476,Makeshift Scope,30.00 ,18.75 ,
477,Makeshift Muffler,220.00 ,55.00 ,
478,Rifle Clip,50.00 ,30.00 ,
479,Birch Rifle,80.00 ,40.00 ,
480,Pine Rifle,80.00 ,40.00 ,
481,Maple Bottle,30.00 ,20.00 ,
482,Birch Bottle,30.00 ,20.00 ,
483,Pine Bottle,30.00 ,20.00 ,
484,Sportshot,170.00 ,42.50 ,
485,Sportshot Magazine,10.00 ,2.5,
486,Sportshot Iron Sights,0.00 ,0.00 ,
487,Makeshift Bat,100.00 ,45.00 ,
488,Desert Falcon,400.00 ,100.00 ,
489,Desert Falcon Magazine,7.00 ,1.75,
490,Chainsaw,60.00 ,15.00 ,
491,Gold Aviators,0.00 ,0.00 ,
492,3D Glasses,0.00 ,0.00 ,
493,Key,0.00 ,0.00 ,
494,Mystery Box,0.00 ,0.00 ,
495,Fez,0.00 ,0.00 ,
496,Crown,0.00 ,0.00 ,
497,Obi,0.00 ,0.00 ,
498,Antlers,0.00 ,0.00 ,
499,Paper Hat,0.00 ,0.00 ,
500,Headress,0.00 ,0.00 ,
501,Viking Helmet,0.00 ,0.00 ,
502,Eyepatch,0.00 ,0.00 ,
503,Fishing Rod,20.00 ,5.00 ,
504,Raw Trout,5.00 ,1.00 ,
505,Raw Salmon,5.00 ,1.00 ,
506,Birch Rod,30.00 ,21.25 ,
507,Maple Rod,30.00 ,21.25 ,
508,Pine Rod,30.00 ,21.25 ,
509,Fishing Hat,10.00 ,6.5,
510,Fishing Top,10.00 ,6.5,
511,Fishing Bottom,10.00 ,6.5,
512,Cooked Trout,10.00 ,3.00 ,
513,Cooked Salmon,10.00 ,3.00 ,
514,Raw Venison,5.00 ,1.00 ,
515,Cooked Venison,10.00 ,3.00 ,
516,Leather,10.00 ,3.75,
517,Leather Top,20.00 ,6.5,
518,Leather Bottom,20.00 ,6.5,
519,Rocket Launcher,15725.00 ,405.00 ,
520,Rocket,500.00 ,205.00 ,
521,Rocket Iron Sights,0.00 ,0.00 ,
1000,Matamorez,9725.00 ,195.00 ,
1001,Matamorez Iron Sights,0.00 ,0.00 ,
1002,Matamorez Barrel,0.00 ,0.00 ,
1003,Matamorez Magazine,100.00 ,20.00 ,
1004,Red Kobra Sight,50.00 ,12.5,
1005,Matamorez Box,200.00 ,50.00 ,
1006,Extended Cobra Magazine,40.00 ,10.00 ,
1007,Adaptive Chambering,50.00 ,12.5,
1008,Rangefinder,50.00 ,12.5,
1009,Desert Beret,15.00 ,5.00 ,
1010,Desert Military Helmet,20.00 ,10.00 ,
1011,Desert Military Top,15.00 ,6.5,
1012,Desert Military Bottoms,15.00 ,5.00 ,
1013,Desert Military Vest,30.00 ,15.00 ,
1016,Biohazard Bottom,30.00 ,15.00 ,
1018,Sabertooth,300.00 ,75.00 ,
1020,Sabertooth Magazine,10.00 ,2.5,
1021,Avenger,185.00 ,46.25 ,
1022,Avenger Magazine,13.00 ,3.25,
1023,Police Baton,25.00 ,5.25,
1024,Peacemaker,350.00 ,87.50 ,
1026,Peacemaker Magazine,50.00 ,12.5,
1027,Viper,265.00 ,66.25 ,
1029,Viper Magazine,25.00 ,5.25,
1030,Frying Pan,40.00 ,10.00 ,
1031,Shovel,20.00 ,5.00 ,
1032,Crowbar,40.00 ,10.00 ,
1033,Paddle,2.00 ,0.50 ,
1034,Pitchfork,40.00 ,10.00 ,
1035,Machete,60.00 ,15.00 ,
1036,Katana,60.00 ,15.00 ,
1037,Heartbreaker,670.00 ,87.50 ,
1038,Heartbreaker Iron Sights,0.00 ,0.00 ,
1039,Kryzkarek,90.00 ,22.50 ,
1040,Kryzkarek Magazine,12.00 ,3.00 ,
1041,Yuri,550.00 ,75.00 ,
1042,Yuri Magazine,64.00 ,16.00 ,
1043,Yuri Iron Sights,0.00 ,0.00 ,
1044,Civilian Nightvision,400.00 ,100.00 ,
1045,Pumpkin Seed,1.00 ,0.25 ,
1046,Pumpkin,5.00 ,1.00 ,
1047,Pumpkin Pie,10.00 ,2.5,
1048,Hockey Mask,10.00 ,5.00 ,
1049,Jack'o'lantern,10.00 ,5.00 ,
1050,Safe Zone Radiator,200.00 ,50.00 ,
1051,5 Note,3.33,0.83 ,
1052,10 Note,3.34,0.83 ,
1053,20 Note,3.34,0.83 ,
1054,50 Note,3.34,0.83 ,
1055,100 Note,3.34,0.83 ,
1056,Loonie,3.34,0.83 ,
1057,Toonie,3.34,0.83 ,
1058,Large Maple Plate,24.00 ,12.00 ,
1059,Small Maple Plate,9.00 ,3.00 ,
1060,Large Maple Frame,48.00 ,24.00 ,
1061,Small Maple Frame,18.00 ,6.00 ,
1062,Maple Siding,10.00 ,6.00 ,
1063,Maple Pipe,8.00 ,4.00 ,
1064,Large Birch Plate,24.00 ,12.00 ,
1065,Small Birch Plate,9.00 ,3.00 ,
1066,Large Birch Frame,48.00 ,24.00 ,
1067,Small Birch Frame,18.00 ,6.00 ,
1068,Birch Siding,10.00 ,6.00 ,
1069,Birch Pipe,8.00 ,4.00 ,
1070,Large Pine Plate,240.00 ,12.00 ,
1071,Small Pine Plate,90.00 ,3.00 ,
1072,Large Pine Frame,48.00 ,24.00 ,
1073,Small Pine Frame,18.00 ,6.00 ,
1074,Pine Siding,10.00 ,6.00 ,
1075,Pine Pipe,80.00 ,4.00 ,
1076,Amber Pie,10.00 ,2.5,
1077,Indigo Pie,10.00 ,2.5,
1078,Jade Pie,10.00 ,2.5,
1079,Mauve Pie,10.00 ,2.5,
1080,Russet Pie,10.00 ,2.5,
1081,Teal Pie,10.00 ,2.5,
1082,Vermillion Pie,10.00 ,2.5,
1083,Maple Doorframe,18.00 ,6.00 ,
1084,Maple Garageframe,20.00 ,6.00 ,
1085,Birch Doorframe,18.00 ,6.00 ,
1086,Birch Garageframe,20.00 ,6.00 ,
1087,Pine Doorframe,18.00 ,6.00 ,
1088,Pine Garageframe,20.00 ,6.00 ,
1089,Metal Doorframe,30.00 ,15.00 ,
1090,Metal Garageframe,50.00 ,15.00 ,
1091,Large Metal Plate,80.00 ,40.00 ,
1092,Small Metal Plate,30.00 ,10.00 ,
1093,Metal Siding,15.00 ,10.00 ,
1094,Metal Pipe,15.00 ,10.00 ,
1095,Maple Sign,10.00 ,2.5,
1096,Birch Sign,10.00 ,2.5,
1097,Pine Sign,10.00 ,2.5,
1098,Metal Sign,20.00 ,5.00 ,
1099,4 Seater Makeshift Vehicle,1850.00 ,150.00 ,
1100,Sticky Grenade,300.00 ,120.00 ,
1101,Landmine,200.00 ,172.50 ,
1102,Claymore,200.00 ,150.00 ,
1103,Black Umbrella,80.00 ,20.00 ,
1104,Amber Berry Seed,2.00 ,1.00 ,
1105,Indigo Berry Seed,2.00 ,1.00 ,
1106,Jade Berry Seed,2.00 ,1.00 ,
1107,Mauve Berry Seed,2.00 ,1.00 ,
1108,Russet Berry Seed,2.00 ,1.00 ,
1109,Teal Berry Seed,2.00 ,1.00 ,
1110,Vermillion Berry Seed,2.00 ,1.00 ,
1111,6 Seater Makeshift Vehicle,2250.00 ,200.00 ,
1112,1 Seater Makeshift Vehicle,1250.00 ,125.00 ,
1113,Snare,25.00 ,5.25,
1114,Maple Jerrycan,100.00 ,37.50 ,
1115,Birch Jerrycan,100.00 ,37.50 ,
1116,Pine Jerrycan,100.00 ,37.50 ,
1117,Pork,5.00 ,1.00 ,
1118,Bacon,5.00 ,3.00 ,
1119,Barbed Wire Fence,200.00 ,50.00 ,
1120,Raw Beef,5.00 ,1.00 ,
1121,Cooked Beef,10.00 ,3.00 ,
1122,Blue Umbrella,40.00 ,20.00 ,
1123,Green Umbrella,40.00 ,20.00 ,
1124,Orange Umbrella,40.00 ,20.00 ,
1125,Purple Umbrella,40.00 ,20.00 ,
1126,Red Umbrella,40.00 ,20.00 ,
1127,White Umbrella,40.00 ,20.00 ,
1128,Yellow Umbrella,40.00 ,20.00 ,
1129,Heatstim,60.00 ,15.00 ,
1130,Ornamental Barbed Wire,0.00 ,0.00 ,
1131,Ornamental Barbed Wire Fence,0.00 ,0.00 ,
1132,Snowball,0.00 ,0.00 ,
1133,Black Scarf,10.00 ,5.00 ,
1134,Blue Scarf,10.00 ,5.00 ,
1135,Green Scarf,10.00 ,5.00 ,
1136,Orange Scarf,10.00 ,5.00 ,
1137,Purple Scarf,10.00 ,5.00 ,
1138,Red Scarf,10.00 ,5.00 ,
1139,White Scarf,10.00 ,5.00 ,
1140,Yellow Scarf,10.00 ,5.00 ,
1141,Crimson Beret,0.00 ,0.00 ,
1142,Gold Beret,0.00 ,0.00 ,
1143,Sawed.Off,85.00 ,21.25 ,
1144,Large Birch Plate (Equilateral),0.00 ,3.00 ,
1145,Large Birch Plate (Right),0.00 ,3.00 ,
1146,Large Maple Plate (Equilateral),0.00 ,3.00 ,
1147,Large Maple Plate (Right),0.00 ,3.00 ,
1148,Large Pine Plate (Equilateral),0.00 ,3.00 ,
1149,Large Pine Plate (Right),0.00 ,3.00 ,
1150,Small Birch Plate (Equilateral),0.00 ,3.00 ,
1151,Small Birch Plate (Right),0.00 ,3.00 ,
1152,Small Maple Plate (Equilateral),0.00 ,3.00 ,
1153,Small Maple Plate (Right),0.00 ,3.00 ,
1154,Small Pine Plate (Equilateral),0.00 ,3.00 ,
1155,Small Pine Plate (Right),0.00 ,3.00 ,
1156,Thief Top,150.00 ,37.50 ,
1157,Thief Bottom,150.00 ,37.50 ,
1158,Claim Flag,20.00 ,5.00 ,
1159,Maple Syrup,25.00 ,10.00 ,
1160,Pancake,10.00 ,5.00 ,
1161,Waffle,10.00 ,5.00 ,
1162,Dough,10.00 ,5.00 ,
1163,Doughnut,15.00 ,5.00 ,
1164,Pizza,15.00 ,5.00 ,
1165,Nailgun,20.00 ,5.00 ,
1166,Nailgun magazine,5.00 ,1.25,
1167,Nailgun barrel,0.00 ,0.00 ,
1168,Civilian Armor Vest,30.00 ,6.5,
1169,Spec Ops Vest,350.00 ,50.00 ,
1170,Spec Ops Rucksack,500.00 ,25.00 ,
1171,Spec Ops Top,50.00 ,12.5,
1172,Spec Ops Bottom,50.00 ,12.5,
1173,Makeshift Armor,0.00 ,36.25 ,
1174,Scythe,60.00 ,15.00 ,
1175,Chart,10.00 ,2.5,
1176,GPS,50.00 ,12.5,
1178,Diving Tank,200.00 ,50.00 ,
1179,Wetsuit Top,20.00 ,10.00 ,
1180,Wetsuit Bottom,20.00 ,10.00 ,
1181,Snorkel,100.00 ,25.00 ,
1182,Black Duffelbag,30.00 ,6.5,
1183,Blue Duffelbag,30.00 ,6.5,
1184,Green Duffelbag,30.00 ,6.5,
1185,Orange Duffelbag,30.00 ,6.5,
1186,Purple Duffelbag,30.00 ,6.5,
1187,Red Duffelbag,30.00 ,6.5,
1188,White Duffelbag,30.00 ,6.5,
1189,Yellow Duffelbag,30.00 ,6.5,
1190,Ranger Muzzle,60.00 ,15.00 ,
1191,Ranger Barrell,60.00 ,15.00 ,
1192,High Caliber Military Ammunition,150.00 ,40.00 ,
1193,High Caliber Ranger Ammunition B,150.00 ,40.00 ,
1194,Horde Beacon,15725.00 ,250.00 ,
1195,Handcuffs,10.00 ,5.00 ,
1196,Handcuffs Key,25.00 ,5.25,
1197,Cable Tie,100.00 ,22.50 ,
1198,Pickaxe,40.00 ,10.00 ,
1199,Miner Lamp,50.00 ,15.00 ,
1200,Military Fragmentation Magazine,40.00 ,8.00 ,
1201,Military Nightvision Scope,200.00 ,50.00 ,
1202,Maple Rifle Rack,10.00 ,5.25,
1203,Birch Rifle Rack,10.00 ,5.25,
1204,Pine Rifle Rack,10.00 ,5.25,
1205,Maple Trophy Case,15.00 ,5.5,
1206,Birch Trophy Case,15.00 ,5.5,
1207,Pine Trophy Case,15.00 ,5.5,
1208,Rain Barrel,50.00 ,12.5,
1209,Explosive Arrow,85.00 ,20.00 ,
1210,Brick Doorway,45.00 ,11.25,
1211,Brick Garage,45.00 ,11.25,
1212,Brick Pillar,30.00 ,6.5,
1213,Brick Post,15.00 ,3.75,
1214,Brick Rampart,45.00 ,11.25,
1215,Brick Wall,45.00 ,11.25,
1216,Brick Window,45.00 ,11.25,
1217,Brick Doorframe,45.00 ,11.25,
1218,Brick Garageframe,45.00 ,11.25,
1219,Oil Derrick,400.00 ,100.00 ,
1220,Metal Rifle Rack,85.00 ,21.25 ,
1221,Metal Trophy Case,85.00 ,21.25 ,
1222,Cagelight,75.00 ,18.75 ,
1223,Maple Shutter,45.00 ,6.5,
1224,Birch Shutter,40.00 ,6.5,
1225,Pine Shutter,50.00 ,6.5,
1226,Metal Shutter,100.00 ,31.25 ,
1227,Tanktrap,30.00 ,17.50 ,
1228,Water Tank,250.00 ,62.50 ,
1229,Fuel Tank,500.00 ,125.00 ,
1230,Industrial Generator,2000.00 ,250.00 ,
1231,Maple Flag,30.00 ,15.00 ,
1232,Birch Flag,30.00 ,15.00 ,
1233,Pine Flag,30.00 ,15.00 ,
1234,Metal Flag,100.00 ,67.50 ,
1235,Maple Doubledoor,60.00 ,17.50 ,
1236,Birch Doubledoor,50.00 ,17.50 ,
1237,Pine Doubledoor,70.00 ,17.50 ,
1238,Metal Doubledoor,180.00 ,45.00 ,
1239,Large Slippery Plate,100.00 ,50.00 ,
1240,Detonator,500.00 ,167.50 ,
1241,Detenator,500.00 ,50.00 ,
1242,Makeshift Grenade,100.00 ,67.50 ,
1243,Cot,100.00 ,52.50 ,
1244,Sentry Turret,1525.00 ,50.00 ,
1245,Birch Cupboard,10.00 ,5.5,
1246,Maple Cupboard,10.00 ,5.5,
1247,Pine Cupboard,10.00 ,5.5,
1248,Metal Cupboard,40.00 ,21.25 ,
1249,Fridge,60.00 ,31.25 ,
1250,Oven,90.00 ,45.00 ,
1251,Birch Sink,40.00 ,5.00 ,
1252,Maple Sink,50.00 ,5.00 ,
1253,Pine Sink,60.00 ,5.00 ,
1254,Metal Sink,100.00 ,10.00 ,
1255,Lamp,50.00 ,10.00 ,
1256,Couch,50.00 ,27.50 ,
1257,Birch Library,120.00 ,60.00 ,
1258,Maple Library,125.00 ,60.00 ,
1259,Pine Library,130.00 ,60.00 ,
1260,Metal Library,250.00 ,112.50 ,
1261,Oxygenator,500.00 ,100.00 ,
1263,Triangular Birch Floor,50.00 ,10.00 ,
1264,Triangular Pine Floor,70.00 ,10.00 ,
1265,Triangular Metal Floor,200.00 ,10.00 ,
1266,Triangular Maple Roof,60.00 ,10.00 ,
1267,Triangular Birch Roof,50.00 ,10.00 ,
1268,Triangular Pine Roof,70.00 ,10.00 ,
1269,Triangular Metal Roof,200.00 ,10.00 ,
1270,Gasmask,750.00 ,187.50 ,
1271,Radiation Filter,250.00 ,67.50 ,
1272,Wall Mounted Blue Flare,50.00 ,10.00 ,
1273,Wall Mounted Green Flare,50.00 ,10.00 ,
1274,Wall Mounted Orange Flare,50.00 ,10.00 ,
1275,Wall Mounted Purple Flare,50.00 ,10.00 ,
1276,Wall Mounted Red Flare,50.00 ,10.00 ,
1277,Wall Mounted Yellow Flare,50.00 ,10.00 ,
1278,Maple Wardrobe,40.00 ,10.00 ,
1279,Birch Wardrobe,30.00 ,10.00 ,
1280,Pine Wardrobe,50.00 ,10.00 ,
1281,Metal Wardrobe,350.00 ,50.00 ,
1282,Parasol,10.00 ,5.00 ,
1283,Cooler,50.00 ,20.00 ,
1284,Maple Rectangular Table,50.00 ,10.00 ,
1285,Birch Rectangular Table,50.00 ,10.00 ,
1286,Pine Rectangular Table,50.00 ,10.00 ,
1296,Beach Chair,20.00 ,10.00 ,
1297,Weak Glasses,50.00 ,0.00 ,
1298,Bullet Proof Glass,500.00 ,10.00 ,
1299,One Way Glass,750.00 ,62.50 ,
1300,Tank Cannon,0.00 ,0.00 ,
1301,Missile,1225.00 ,50.00 ,
1302,Missile,1225.00 ,50.00 ,
1327,Book,40.00 ,10.00 ,
1328,Note,20.00 ,10.00 ,
1329,Maple Hatch,250.00 ,20.00 ,
1330,Birch Hatch,250.00 ,20.00 ,
1331,Pine Hatch,250.00 ,20.00 ,
1332,Metal Hatch,200.00 ,50.00 ,
1337,Paintball Gun,75.00 ,50.00 ,
1339,Blue Paintball Hopper,20.00 ,10.00 ,
1340,Green Paintball Hopper,20.00 ,10.00 ,
1341,Orange Paintball Hopper,20.00 ,10.00 ,
1342,Purple Paintball Hopper,20.00 ,10.00 ,
1343,Red Paintball Hopper,20.00 ,10.00 ,
1344,Yellow Paintball Hopper,20.00 ,10.00 ,
1345,Farming Plot,250.00 ,10.00 ,
1346,Flashbang,50.00 ,10.00 ,
1347,Raw Minnow,5.00 ,0.50 ,
1349,Raw Goldfish,5.00 ,0.50 ,
1353,Stealy Wheely Automobiley,5000.00 ,250.00 ,
1358,Pilot Top,50.00 ,10.00 ,
1359,Pilot Cap,50.00 ,10.00 ,
1360,Teklowvka,150.00 ,20.00 ,
1361,Teklowvka Magazine,15.00 ,3.75,
1362,Augewehr,750.00 ,100.00 ,
1363,Augewehr Scope,100.00 ,25.00 ,
1364,Hell's Fury,20000.00 ,1,000.00 
1365,Hell's Fury Drum,1520.00 ,250.00 ,
1366,Vonya,250.00 ,150.00 ,
1368,Vonya Magazine,30.00 ,1.75,
1369,Bulldog,350.00 ,87.50 ,
1371,Bulldog Magazine,45.00 ,11.25,
1372,Friendly Sentry,1550.00 ,0.00 ,
1373,Hostile Sentry,1550.00 ,0.00 ,
1375,Fusilaut,500.00 ,150.00 ,
1377,Nightraider,750.00 ,150.00 ,
1379,Calling Card,650.00 ,125.00 ,
1381,Calling Card Magazine,71.00 ,17.75 ,
1382,Ekho,5050.00 ,300.00 ,
1384,Ekho Magazine,75.00 ,1.75,
1389,Spec Ops Beret,150.00 ,50.00 ,
1393,Precision Charge,250.00 ,50.00 ,
1395,HMG Box,7500.00 ,12.5,
1406,BLT Sandwich,5.00 ,1.00 ,
1413,Metal Plaque,50.00 ,5.00 ,
1440,Industrial Gas Can,1000.00 ,62.50 ,
1447,Scalar,550.00 ,250.00 ,
1449,Scalar Magazine,30.00 ,6.25,
1450,Vehicle Battery,140.00 ,14.00 ,
1451,Tire,120.00 ,10.00 ,
1454,Black Trunks,10.00 ,5.00 ,
1470,Metal Placard,20.00 ,5.00 ,
1476,Luger,150.00 ,50.00 ,
1477,Maschinengewehr,550.00 ,75.00 ,
1479,Maschinengewehr Magazine,30.00 ,6.25,
1481,Empire,550.00 ,150.00 ,
1483,Empire Magazine,30.00 ,5.75,
1487,Luger Magazine,9.00 ,2.25,
1488,Swissgewehr,670.00 ,150.00 ,
1507,Socketwrench,300.00 ,222.50 ,
1508,Compass,50.00 ,2.5,
